日時,OCR文字列,GPT要約
2025-07-03 13:53:05,"と進数の考え方
e進数とは 「2」 を基数とする数え方です。 私たちがふだん
数を数えるときは
「0」
「9」 の1通りの数字を使い
「1O」
を基数とする1口進数で数を表します
一方
P進数は
「0」 と「1」
だけを使って数を表します_
そのため
P進数の
考え方では 「1十]=?」ではなく 「1十1=10」
となります。
10進数では
「1O」
のべき乗ごとに位が上がって析が増え
ますが
2進数では 「2」
のべき乗ごとに位が上がって析が増
えます。
「0」
と「1」
しか使わない包進数は
雷流の
「OFF」
と
「ON」
でデータを保持するコンピユータの数値計算に適して
います",e進数は「2」という数字を基数として数える方法で、通常の10進数とは異なり、「0」と「1」だけを使って数を表します。そのため、10進数での「10＝？」という考え方とは違い、「10進1＝10」という風に数えます。2進数の場合も同様で、「0」と「1」だけを使って数を表現し、位が上がるごとに桁が増えます。このような二進数はコンピュータのデータ計算に適しています。
2025-07-03 13:54:56,"霊
髪
6
8
8
8
』
露
鼻
や
』
7
蓋
ざ
鼻書
郎-
N
東
N
:
k」
ブの
十
愛
愛
s
謹
き
比
#
1
'
む
I
蓋
巡
紫
盆
t
ぎ
四
払?
8
き
※
ノノ
選
愚
ひ三
望
盤
のぶり
いけリ河シロ』",霊とは、亡くなった人の霊や幽霊のことを指す言葉です。髪は、頭に生える毛のことです。数字の6や8は、数の値を表す記号です。露や鼻は、水滴や顔の部位のことです。さまざまな言葉や数字が混じった文章の中で、霊や髪、数字や言葉などが取り上げられています。
